Top queries,Clicks,Impressions,CTR,Position
ceramic coating value uae,0,5,0%,8
rent increase dubai,0,5,0%,96.6
الحد الأدنى لاستئجار عقارات في واحة دبي للسيليكون,0,4,0%,16
average rent in town square,0,4,0%,22.25
average rent in mayan,0,4,0%,37
average rent in muhaisnah,0,3,0%,32.33
average rent in al mizhar,0,3,0%,39.33
average rent in mudon,0,3,0%,43.67
rent increase calculator dubai,0,3,0%,89
rental increase calculator,0,3,0%,89
average rent in majan,0,2,0%,43.5
الحاسبة الايجارية,0,2,0%,75
الحاسبة الايجارية دبي,0,2,0%,80.5
dubai rent increase calculator,0,2,0%,89.5
rent calculator dubai,0,2,0%,90
rent increase in dubai,0,2,0%,94.5
rent fair,0,1,0%,5
سعر تغيير الزيت في الامارات,0,1,0%,6
متوسط الايجار,0,1,0%,6
المدينة الرياضية,0,1,0%,8
average rent for studio apartments in dubai silicon oasis,0,1,0%,20
average rent in al mina,0,1,0%,34
sharjah rent index,0,1,0%,39
الحد الأدنى لاستئجار شقق في مدينة زايد,0,1,0%,43
average rent in business bay,0,1,0%,46
ejari calculator,0,1,0%,84
rent increase calculator,0,1,0%,84
حاسبة زيادة الإيجار في دبي,0,1,0%,85
dubai rental increase,0,1,0%,89
dubai rental increase calculator,0,1,0%,89
rental index calculator dubai,0,1,0%,89
rent index calculator dubai,0,1,0%,90
dubai rent calculator,0,1,0%,91
rent calculator,0,1,0%,93
rera rental price calculator,0,1,0%,93
dubai rent increase,0,1,0%,95
annual rent,0,1,0%,97
rental increase dubai,0,1,0%,99